<?xml version="1.0" encoding="utf-8"?>
<!--/1052905/568497/2.49/2/3/Zener Diode/-->
<quadcept_library>
  <setting unit="mil" />
  <textstyle name="Default" height="47.244094488189" strokewidth="7.8740157480315" charwidth="47.244094488189" />
  <textstyle name="Dimension" height="19.6850393700787" strokewidth="0" charwidth="19.6850393700787" />
  <textstyle name="H127W0635TH00762" height="50" strokewidth="3" charwidth="25" />
  <textstyle name="H15W15TH02" height="59.0551181102362" strokewidth="7.8740157480315" charwidth="59.0551181102362" />
  <padstyle name="r55_42" surface="True" plated="False" isvia="False" nopaste="False" nomask="True" complex="False" holesize="0">
    <padshape layer="TOP" shape="rectangle" width="16.535433070866" height="21.653543307086" />
    <padshape layer="TOP_SOLDER_MASK" shape="rectangle" width="24.409448818897" height="29.527559055118" />
    <padshape layer="TOP_SOLDER_PASTE" shape="rectangle" width="16.535433070866" height="21.653543307086" />
  </padstyle>
  <footprint name="SODFL1608X65N" originx="0" originy="0" pickpointx="0" pickpointy="0">
    <pcbpin number="1" name="1" style="r55_42" originx="-30.511811023622" originy="0" rotation="90" />
    <pcbpin number="2" name="2" style="r55_42" originx="30.511811023622" originy="0" rotation="90" />
    <line layer="TOP_PLACE_BOUND" originx="-47.244094488188" originy="22.63779527559" endx="47.244094488188" endy="22.63779527559" width="1.9685039370079" />
    <line layer="TOP_PLACE_BOUND" originx="47.244094488188" originy="22.63779527559" endx="47.244094488188" endy="-22.63779527559" width="1.9685039370079" />
    <line layer="TOP_PLACE_BOUND" originx="47.244094488188" originy="-22.63779527559" endx="-47.244094488188" endy="-22.63779527559" width="1.9685039370079" />
    <line layer="TOP_PLACE_BOUND" originx="-47.244094488188" originy="-22.63779527559" endx="-47.244094488188" endy="22.63779527559" width="1.9685039370079" />
    <line layer="TOP_ASSEMBLY" originx="-23.622047244094" originy="15.748031496063" endx="23.622047244094" endy="15.748031496063" width="3.9370078740157" />
    <line layer="TOP_ASSEMBLY" originx="23.622047244094" originy="15.748031496063" endx="23.622047244094" endy="-15.748031496063" width="3.9370078740157" />
    <line layer="TOP_ASSEMBLY" originx="23.622047244094" originy="-15.748031496063" endx="-23.622047244094" endy="-15.748031496063" width="3.9370078740157" />
    <line layer="TOP_ASSEMBLY" originx="-23.622047244094" originy="-15.748031496063" endx="-23.622047244094" endy="15.748031496063" width="3.9370078740157" />
    <line layer="TOP_ASSEMBLY" originx="-23.622047244094" originy="4.9212598425196" endx="-12.795275590551" endy="15.748031496063" width="3.9370078740157" />
    <line layer="TOP_SILKSCREEN" originx="-41.338582677165" originy="15.748031496063" endx="23.622047244094" endy="15.748031496063" width="7.8740157480314" />
    <line layer="TOP_SILKSCREEN" originx="-23.622047244094" originy="-15.748031496063" endx="23.622047244094" endy="-15.748031496063" width="7.8740157480314" />
  </footprint>
  <symbol name="BZT52C12TQ-7-F" originx="0" originy="0">
    <line originx="200" originy="80" endx="200" endy="-80" width="0" />
    <line originx="200" originy="80" endx="240" endy="100" width="0" />
    <line originx="160" originy="-100" endx="200" endy="-80" width="0" />
    <line originx="100" originy="0" endx="200" endy="0" width="0" />
    <line originx="500" originy="0" endx="400" endy="0" width="0" />
    <sympin number="1" originx="100" originy="0" rotation="180" length="100" width="7.8740157480315" flipped="False">
      <text name="pinname" originx="140" originy="10" style="Default" rotation="0" justify="left" flipped="False" hidden="True" data="K" />
      <text name="pindes" originx="60" originy="10" style="Default" rotation="0" justify="lowerright" flipped="False" hidden="False" data="1" />
    </sympin>
    <sympin number="2" originx="500" originy="0" rotation="0" length="100" width="7.8740157480315" flipped="False">
      <text name="pinname" originx="460" originy="10" style="Default" rotation="0" justify="right" flipped="False" hidden="True" data="A" />
      <text name="pindes" originx="540" originy="10" style="Default" rotation="0" justify="lowerleft" flipped="False" hidden="False" data="2" />
    </sympin>
    <polygon type="polygon">
      <point x="200" y="0" />
      <point x="400" y="100" />
      <point x="400" y="-100" />
    </polygon>
  </symbol>
  <component name="BZT52C12TQ-7-F" designatorprefix="Z" height="25.590551181102" footprint="SODFL1608X65N">
    <comppin designator="1" sympin="1" pinswap="0" gateswap="0" gate="1" group="1" side="" type="Any" name="K" />
    <comppin designator="2" sympin="2" pinswap="0" gateswap="0" gate="1" group="1" side="" type="Any" name="A" />
    <attached_symbol gate="1" name="BZT52C12TQ-7-F" />
    <pinmap designator="1" footprintpin="1" />
    <pinmap designator="2" footprintpin="2" />
    <text name="Datasheet" originx="0" originy="0" style="Default" rotation="0" justify="" flipped="False" hidden="True" data="https://www.diodes.com/assets/Datasheets/ds30502.pdf" />
    <text name="Description" originx="0" originy="0" style="Default" rotation="0" justify="" flipped="False" hidden="True" data="Diode Zener Single 12V 5% 300mW 2-Pin SOD-523" />
    <text name="Manufacturer_Name" originx="0" originy="0" style="Default" rotation="0" justify="" flipped="False" hidden="True" data="Diodes Inc." />
    <text name="Manufacturer_Part_Number" originx="400" originy="250" style="Default" rotation="0" justify="left" flipped="False" hidden="False" data="BZT52C12TQ-7-F" />
    <text name="Mouser Part Number" originx="0" originy="0" style="Default" rotation="0" justify="" flipped="False" hidden="True" data="621-BZT52C12TQ-7-F" />
    <text name="Mouser Price/Stock" originx="0" originy="0" style="Default" rotation="0" justify="" flipped="False" hidden="True" data="https://www.mouser.co.uk/ProductDetail/Diodes-Incorporated/BZT52C12TQ-7-F?qs=W0yvOO0ixfHNmW9JdWu87w%3D%3D" />
    <text name="Arrow Part Number" originx="0" originy="0" style="Default" rotation="0" justify="" flipped="False" hidden="True" data="BZT52C12TQ-7-F" />
    <text name="Arrow Price/Stock" originx="0" originy="0" style="Default" rotation="0" justify="" flipped="False" hidden="True" data="https://www.arrow.com/en/products/bzt52c12tq-7-f/diodes-incorporated" />
  </component>
</quadcept_library>
