<?xml version="1.0" encoding="utf-8"?>
<!--/468649/568497/2.49/8/4/Integrated Circuit/-->
<quadcept_library>
  <setting unit="mil" />
  <textstyle name="Default" height="47.244094488189" strokewidth="7.8740157480315" charwidth="47.244094488189" />
  <textstyle name="Dimension" height="19.6850393700787" strokewidth="0" charwidth="19.6850393700787" />
  <textstyle name="H127W0635TH00762" height="50" strokewidth="3" charwidth="25" />
  <textstyle name="H15W15TH02" height="59.0551181102362" strokewidth="7.8740157480315" charwidth="59.0551181102362" />
  <padstyle name="r175_65" surface="True" plated="False" isvia="False" nopaste="False" nomask="True" complex="False" holesize="0">
    <padshape layer="TOP" shape="rectangle" width="25.590551181102" height="68.897637795275" />
    <padshape layer="TOP_SOLDER_MASK" shape="rectangle" width="33.464566929133" height="76.771653543306" />
    <padshape layer="TOP_SOLDER_PASTE" shape="rectangle" width="25.590551181102" height="68.897637795275" />
  </padstyle>
  <footprint name="SOIC127P798X216-8N" originx="0" originy="0" pickpointx="0" pickpointy="0">
    <pcbpin number="1" name="1" style="r175_65" originx="-142.71653543307" originy="74.999999999999" rotation="90" />
    <pcbpin number="2" name="2" style="r175_65" originx="-142.71653543307" originy="25" rotation="90" />
    <pcbpin number="3" name="3" style="r175_65" originx="-142.71653543307" originy="-25" rotation="90" />
    <pcbpin number="4" name="4" style="r175_65" originx="-142.71653543307" originy="-74.999999999999" rotation="90" />
    <pcbpin number="5" name="5" style="r175_65" originx="142.71653543307" originy="-74.999999999999" rotation="90" />
    <pcbpin number="6" name="6" style="r175_65" originx="142.71653543307" originy="-25" rotation="90" />
    <pcbpin number="7" name="7" style="r175_65" originx="142.71653543307" originy="25" rotation="90" />
    <pcbpin number="8" name="8" style="r175_65" originx="142.71653543307" originy="74.999999999999" rotation="90" />
    <line layer="TOP_PLACE_BOUND" originx="-187.00787401575" originy="115.15748031496" endx="187.00787401575" endy="115.15748031496" width="1.9685039370079" />
    <line layer="TOP_PLACE_BOUND" originx="187.00787401575" originy="115.15748031496" endx="187.00787401575" endy="-115.15748031496" width="1.9685039370079" />
    <line layer="TOP_PLACE_BOUND" originx="187.00787401575" originy="-115.15748031496" endx="-187.00787401575" endy="-115.15748031496" width="1.9685039370079" />
    <line layer="TOP_PLACE_BOUND" originx="-187.00787401575" originy="-115.15748031496" endx="-187.00787401575" endy="115.15748031496" width="1.9685039370079" />
    <line layer="TOP_ASSEMBLY" originx="-104.13385826772" originy="103.14960629921" endx="104.13385826772" endy="103.14960629921" width="3.9370078740157" />
    <line layer="TOP_ASSEMBLY" originx="104.13385826772" originy="103.14960629921" endx="104.13385826772" endy="-103.14960629921" width="3.9370078740157" />
    <line layer="TOP_ASSEMBLY" originx="104.13385826772" originy="-103.14960629921" endx="-104.13385826772" endy="-103.14960629921" width="3.9370078740157" />
    <line layer="TOP_ASSEMBLY" originx="-104.13385826772" originy="-103.14960629921" endx="-104.13385826772" endy="103.14960629921" width="3.9370078740157" />
    <line layer="TOP_ASSEMBLY" originx="-104.13385826772" originy="53.149606299212" endx="-54.133858267716" endy="103.14960629921" width="3.9370078740157" />
    <line layer="TOP_SILKSCREEN" originx="-94.488188976377" originy="103.14960629921" endx="94.488188976377" endy="103.14960629921" width="7.8740157480314" />
    <line layer="TOP_SILKSCREEN" originx="94.488188976377" originy="103.14960629921" endx="94.488188976377" endy="-103.14960629921" width="7.8740157480314" />
    <line layer="TOP_SILKSCREEN" originx="94.488188976377" originy="-103.14960629921" endx="-94.488188976377" endy="-103.14960629921" width="7.8740157480314" />
    <line layer="TOP_SILKSCREEN" originx="-94.488188976377" originy="-103.14960629921" endx="-94.488188976377" endy="103.14960629921" width="7.8740157480314" />
    <line layer="TOP_SILKSCREEN" originx="-177.16535433071" originy="101.57480314961" endx="-108.26771653543" endy="101.57480314961" width="7.8740157480314" />
  </footprint>
  <symbol name="ATTINY25-20SH" originx="0" originy="0">
    <line originx="200" originy="100" endx="4500" endy="100" width="0" />
    <line originx="4500" originy="-400" endx="4500" endy="100" width="0" />
    <line originx="4500" originy="-400" endx="200" endy="-400" width="0" />
    <line originx="200" originy="100" endx="200" endy="-400" width="0" />
    <sympin number="1" originx="200" originy="0" rotation="180" length="100" width="7.8740157480315" flipped="False">
      <text name="pinname" originx="230" originy="0" style="Default" rotation="0" justify="left" flipped="False" hidden="False" data="PB5_(PCINT5/\RESET\/ADC0/DW)" />
      <text name="pindes" originx="140" originy="20" style="Default" rotation="0" justify="lowerright" flipped="False" hidden="False" data="1" />
    </sympin>
    <sympin number="2" originx="200" originy="-100" rotation="180" length="100" width="7.8740157480315" flipped="False">
      <text name="pinname" originx="230" originy="-100" style="Default" rotation="0" justify="left" flipped="False" hidden="False" data="PB3_(PCINT3/XTAL1/CLKI/\OC1B\/ADC3)" />
      <text name="pindes" originx="140" originy="-80" style="Default" rotation="0" justify="lowerright" flipped="False" hidden="False" data="2" />
    </sympin>
    <sympin number="3" originx="200" originy="-200" rotation="180" length="100" width="7.8740157480315" flipped="False">
      <text name="pinname" originx="230" originy="-200" style="Default" rotation="0" justify="left" flipped="False" hidden="False" data="PB4_(PCINT4/XTAL2/CLKO/OC1B/ADC2)" />
      <text name="pindes" originx="140" originy="-180" style="Default" rotation="0" justify="lowerright" flipped="False" hidden="False" data="3" />
    </sympin>
    <sympin number="4" originx="200" originy="-300" rotation="180" length="100" width="7.8740157480315" flipped="False">
      <text name="pinname" originx="230" originy="-300" style="Default" rotation="0" justify="left" flipped="False" hidden="False" data="GND" />
      <text name="pindes" originx="140" originy="-280" style="Default" rotation="0" justify="lowerright" flipped="False" hidden="False" data="4" />
    </sympin>
    <sympin number="8" originx="4500" originy="0" rotation="0" length="100" width="7.8740157480315" flipped="False">
      <text name="pinname" originx="4470" originy="0" style="Default" rotation="0" justify="right" flipped="False" hidden="False" data="VCC" />
      <text name="pindes" originx="4560" originy="20" style="Default" rotation="0" justify="lowerleft" flipped="False" hidden="False" data="8" />
    </sympin>
    <sympin number="7" originx="4500" originy="-100" rotation="0" length="100" width="7.8740157480315" flipped="False">
      <text name="pinname" originx="4470" originy="-100" style="Default" rotation="0" justify="right" flipped="False" hidden="False" data="PB2_(SCK/USCK/SCL/ADC1/T0/INT0/PCINT2)" />
      <text name="pindes" originx="4560" originy="-80" style="Default" rotation="0" justify="lowerleft" flipped="False" hidden="False" data="7" />
    </sympin>
    <sympin number="6" originx="4500" originy="-200" rotation="0" length="100" width="7.8740157480315" flipped="False">
      <text name="pinname" originx="4470" originy="-200" style="Default" rotation="0" justify="right" flipped="False" hidden="False" data="PB1_(MISO/DO/AIN1/OC0B/OC1A/PCINT1)" />
      <text name="pindes" originx="4560" originy="-180" style="Default" rotation="0" justify="lowerleft" flipped="False" hidden="False" data="6" />
    </sympin>
    <sympin number="5" originx="4500" originy="-300" rotation="0" length="100" width="7.8740157480315" flipped="False">
      <text name="pinname" originx="4470" originy="-300" style="Default" rotation="0" justify="right" flipped="False" hidden="False" data="PB0_(MOSI/DI/SDA/AIN0/OC0A/\OC1A\/AREF/PCINT0)" />
      <text name="pindes" originx="4560" originy="-280" style="Default" rotation="0" justify="lowerleft" flipped="False" hidden="False" data="5" />
    </sympin>
  </symbol>
  <component name="ATTINY25-20SH" designatorprefix="IC" height="85.039370078739" footprint="SOIC127P798X216-8N">
    <comppin designator="1" sympin="1" pinswap="0" gateswap="0" gate="1" group="1" side="" type="Bi-Directional" name="PB5_(PCINT5/|RESET|/ADC0/DW)" />
    <comppin designator="2" sympin="2" pinswap="0" gateswap="0" gate="1" group="1" side="" type="Bi-Directional" name="PB3_(PCINT3/XTAL1/CLKI/|OC1B|/ADC3)" />
    <comppin designator="3" sympin="3" pinswap="0" gateswap="0" gate="1" group="1" side="" type="Bi-Directional" name="PB4_(PCINT4/XTAL2/CLKO/OC1B/ADC2)" />
    <comppin designator="4" sympin="4" pinswap="0" gateswap="0" gate="1" group="1" side="" type="Ground" name="GND" />
    <comppin designator="5" sympin="5" pinswap="0" gateswap="0" gate="1" group="1" side="" type="Bi-Directional" name="PB0_(MOSI/DI/SDA/AIN0/OC0A/|OC1A|/AREF/PCINT0)" />
    <comppin designator="6" sympin="6" pinswap="0" gateswap="0" gate="1" group="1" side="" type="Bi-Directional" name="PB1_(MISO/DO/AIN1/OC0B/OC1A/PCINT1)" />
    <comppin designator="7" sympin="7" pinswap="0" gateswap="0" gate="1" group="1" side="" type="Bi-Directional" name="PB2_(SCK/USCK/SCL/ADC1/T0/INT0/PCINT2)" />
    <comppin designator="8" sympin="8" pinswap="0" gateswap="0" gate="1" group="1" side="" type="Power" name="VCC" />
    <attached_symbol gate="1" name="ATTINY25-20SH" />
    <pinmap designator="1" footprintpin="1" />
    <pinmap designator="2" footprintpin="2" />
    <pinmap designator="3" footprintpin="3" />
    <pinmap designator="4" footprintpin="4" />
    <pinmap designator="5" footprintpin="5" />
    <pinmap designator="6" footprintpin="6" />
    <pinmap designator="7" footprintpin="7" />
    <pinmap designator="8" footprintpin="8" />
    <text name="Datasheet" originx="0" originy="0" style="Default" rotation="0" justify="" flipped="False" hidden="True" data="http://www.atmel.com/Images/Atmel-2586-AVR-8-bit-Microcontroller-ATtiny25-ATtiny45-ATtiny85_Datasheet.pdf" />
    <text name="Description" originx="0" originy="0" style="Default" rotation="0" justify="" flipped="False" hidden="True" data="Atmel ATTINY25-20SH, 8bit AVR Microcontroller, 20MHz, 2 kB Flash, 8-Pin SOIC" />
    <text name="Manufacturer_Name" originx="0" originy="0" style="Default" rotation="0" justify="" flipped="False" hidden="True" data="Microchip" />
    <text name="Manufacturer_Part_Number" originx="4550" originy="200" style="Default" rotation="0" justify="left" flipped="False" hidden="False" data="ATTINY25-20SH" />
    <text name="Mouser Part Number" originx="0" originy="0" style="Default" rotation="0" justify="" flipped="False" hidden="True" data="556-ATTINY25-20SH" />
    <text name="Mouser Price/Stock" originx="0" originy="0" style="Default" rotation="0" justify="" flipped="False" hidden="True" data="https://www.mouser.com/Search/Refine.aspx?Keyword=556-ATTINY25-20SH" />
    <text name="Arrow Part Number" originx="0" originy="0" style="Default" rotation="0" justify="" flipped="False" hidden="True" data="ATTINY25-20SH" />
    <text name="Arrow Price/Stock" originx="0" originy="0" style="Default" rotation="0" justify="" flipped="False" hidden="True" data="https://www.arrow.com/en/products/attiny25-20sh/microchip-technology" />
  </component>
</quadcept_library>
